[
   {
      "command" : "require",
      "group" : "0",
      "name" : "product",
      "value" : "arom|arom-tiny"
   },
   {
      "command" : "require",
      "group" : "0",
      "name" : "version",
      "value" : "0.5"
   },
   {
      "command" : "require",
      "group" : "0",
      "name" : "version-bootrom",
      "value" : "2019.01.15"
   },
   {
      "command" : "progress",
      "group" : "0",
      "name" : "weight",
      "value" : 25755145
   },
   {
      "command" : "call",
      "group" : "0",
      "image" : "preboot.img"
   },
   {
      "command" : "call",
      "group" : "0",
      "image" : "flasher.img"
   },
   {
      "command" : "partition",
      "group" : "0",
      "image" : "flashinfo.bin"
   },
   {
      "command" : "partition",
      "group" : "0",
      "image" : "partition.bin"
   },
   {
      "command" : "flash",
      "group" : "2",
      "image" : "partition.bin",
      "partition" : "ptable",
      "weight" : 6284
   },
   {
      "command" : "flash",
      "group" : "2",
      "image" : "fwcerts.bin",
      "partition" : "fwcerts",
      "weight" : 14520
   },
   {
      "command" : "flash",
      "group" : "2",
      "image" : "ReliableData.bin",
      "partition" : "rd",
      "weight" : 131072
   },
   {
      "command" : "flash",
      "group" : "2",
      "image" : "apn.bin",
      "partition" : "apn",
      "weight" : 47021
   },
   {
      "command" : "flash",
      "group" : "2",
      "image" : "cp.bin",
      "partition" : "cp",
      "weight" : 10084352
   },
   {
      "command" : "flash",
      "group" : "2",
      "image" : "dsp.bin",
      "partition" : "dsp",
      "weight" : 2111402
   },
   {
      "command" : "flash",
      "group" : "2",
      "image" : "rf.bin",
      "partition" : "rfbin",
      "weight" : 40960
   },
   {
      "command" : "flash",
      "group" : "2",
      "image" : "logo.bin",
      "partition" : "logo",
      "weight" : 291748
   },
   {
      "command" : "flash",
      "group" : "3",
      "image" : "customer_app.bin",
      "partition" : "customer_app",
      "weight" : 308766
   },
   {
      "command" : "flash",
      "group" : "4",
      "image" : "updater.bin",
      "partition" : "updater",
      "weight" : 205740
   },
   {
      "command" : "erase",
      "group" : "5",
      "partition" : "fota_param",
      "weight" : 12288
   },
   {
      "command" : "flash",
      "group" : "6",
      "image" : "customer_fs.bin",
      "partition" : "customer_fs",
      "weight" : 10485760
   },
   {
      "command" : "flash",
      "group" : "7",
      "image" : "customer_backup_fs.bin",
      "partition" : "customer_backup_fs",
      "weight" : 409600
   },
   {
      "command" : "flash",
      "group" : "8",
      "image" : "nvm.bin",
      "partition" : "nvm",
      "productionOnly" : true,
      "weight" : 1048576
   },
   {
      "command" : "erase",
      "group" : "9",
      "partition" : "factory_a",
      "productionOnly" : true,
      "weight" : 65536
   },
   {
      "command" : "erase",
      "group" : "9",
      "partition" : "factory_b",
      "productionOnly" : true,
      "weight" : 65536
   },
   {
      "command" : "erase",
      "group" : "11",
      "partition" : "erase_rd",
      "weight" : 65536
   },
   {
      "command" : "erase",
      "group" : "12",
      "partition" : "quec_cfg",
      "weight" : 65536
   },
   {
      "command" : "erase",
      "group" : "13",
      "partition" : "backup_restore_info",
      "weight" : 4096
   },
   {
      "command" : "flash",
      "group" : "1",
      "image" : "bootloader.ubi",
      "partition" : "bootloader",
      "weight" : 290816
   }
]
